Titolo	Regista	Et√†_Autore	Anno	Genere	Piattaforma_1	Piattaforma_2
Inception	Christopher Nolan	54	2010	Fantascienza	Amazon Prime Video	NOW
Parasite	Bong Joon-ho	55	2019	Dramma	Netflix	
Interstellar	Christopher Nolan	54	2014	Fantascienza	Paramount+	Amazon Prime Video
The Dark Knight	Christopher Nolan	54	2008	Azione	Netflix	
Fight Club	David Fincher	62	1999	Dramma		
Seven	David Fincher	62	1995	Crime	Netflix	
Gladiator	Ridley Scott	87	2000	Azione	Netflix	Paramount+
Shutter Island	Martin Scorsese	82	2010	Thriller	Netflix	Paramount+
Star Wars: A New Hope	George Lucas	80	1977	Fantascienza	Disney+	
Pulp Fiction	Quentin Tarantino	62	1994	Crime	NOW	Paramount+
The Shawshank Redemption	Frank Darabont	66	1994	Dramma	NOW	
Forrest Gump	Robert Zemeckis	72	1994	Dramma	Netflix	Paramount+
The Godfather	Francis Ford Coppola	86	1972	Crime	Paramount+	Netflix
The Matrix	Lana Wachowski	59	1999	Fantascienza	Netflix	Amazon Prime Video
Goodfellas	Martin Scorsese	82	1990	Crime	Netflix	NOW
Spirited Away	Hayao Miyazaki	84	2001	Animazione	Netflix	
Saving Private Ryan	Steven Spielberg	78	1998	Guerra	Paramount+	NOW
Back to the Future	Robert Zemeckis	72	1985	Fantascienza	Netflix	Amazon Prime Video
The Lord of the Rings: The Fellowship of the Ring	Peter Jackson	63	2001	Fantasy	Amazon Prime Video	NOW
The Lord of the Rings: The Return of the King	Peter Jackson	63	2003	Fantasy	Amazon Prime Video	NOW
Schindler's List	Steven Spielberg	78	1993	Dramma	Amazon Prime Video	NOW
Inglourious Basterds	Quentin Tarantino	62	2009	Guerra	Amazon Prime Video	Netflix
Whiplash	Damien Chazelle	40	2014	Dramma	Netflix	
Joker	Todd Phillips	54	2019	Dramma	Netflix	Amazon Prime Video
Mad Max: Fury Road	George Miller	80	2015	Azione	Netflix	NOW
Blade Runner 2049	Denis Villeneuve	57	2017	Fantascienza	Netflix	
Arrival	Denis Villeneuve	57	2016	Fantascienza	Netflix	Paramount+
Django Unchained	Quentin Tarantino	62	2012	Western	Netflix	
The Wolf of Wall Street	Martin Scorsese	82	2013	Biografico	Netflix	Amazon Prime Video
Once Upon a Time in Hollywood	Quentin Tarantino	62	2019	Commedia	Netflix	